{
    "records": [
        {
            "description": "[2022-11-29 09:00:00][Critical][SFP RX][N/A (BRD0000283)][Index:1,Slot:0,Port:1] SFP Rx Power 400uW [Port Speed:16G, Threshold:300uW], Linked Devices : N/A",
            "source": "HSRM",
            "type": "SWI",
            "message_key": "SWI20221129090000",
            "time_of_event": "2022-11-29 09:00:00",
            "severity": "5",
            "node": "0000000000BRD0000283",
            "resource": null,
            "resolution_state": ""
        },
        {
            "description": "[2022-11-29 09:00:00][Critical][THROUGHPUT][N/A (BRD0000283)][Index:1,Slot:0,Port:1] Throughput Critical 400 [Port Speed:16G, Threshold:300], Linked Devices : N/A",
            "source": "HSRM",
            "type": "SWI",
            "message_key": "SWI20221129090000",
            "time_of_event": "2022-11-29 09:00:00",
            "severity": "5",
            "node": "BRD0000283",
            "resource": null,
            "resolution_state": ""
        },
        {
            "description": "[2022-11-29 09:00:00][Critical][SFP RX][N/A (BRD0000283)][Index:1,Slot:0,Port:1] SFP Rx Power 400uW [Port Speed:16G, Threshold:300uW], Linked Devices : N/A",
            "source": "HSRM",
            "type": "SWI",
            "message_key": "SWI20221129090000",
            "time_of_event": "2022-11-29 09:00:00",
            "severity": "5",
            "node": "0000000000BRD0000283",
            "resource": null,
            "resolution_state": ""
        },
        {
            "description": "[2022-11-29 09:00:00][Critical][THROUGHPUT][N/A (BRD0000283)][Index:1,Slot:0,Port:1] Throughput Critical 400 [Port Speed:16G, Threshold:300], Linked Devices : N/A",
            "source": "HSRM",
            "type": "SWI",
            "message_key": "SWI20221129090000",
            "time_of_event": "2022-11-29 09:00:00",
            "severity": "5",
            "node": "BRD0000283",
            "resource": null,
            "resolution_state": ""
        }
    ]
}