{"payload": {"hpTlphSbno": "3918", "tmplCode": "NC1067", "dutySendYn": "Y", "sndeDeptCode": "139", "sendCont": "1", "btchPrcsYn": "1", "hpTlphTlcmNo": "010", "sbsnSendMsgeCntn": "[확인요망] N/A (QV250000106)  SFP Rx Power 30.1uW  (Index:189,Slot:4,Port:29)", "nttkButnCntn": "", "custId": "0000099995", "hpTlphOfno": "9998", "sndeTlphArcd": "", "sndeTlphOfno": "1588", "ntfcKindCode": "ZAF9001", "trnnPrgmId": "", "sendRsvtDttm": "", "sbsnSendYn": "Y", "ntfcTmplCode": "AZZ00005", "jobMsgeCntn": "IDC DWDM SAN #1 (ALJ0616F0GM) 의 SFP Rx Power 118.8uW  입니다.(Index:1,Slot:N/A,Port:1)", "onlnBtchDvsnCode": "R", "sndeTlphInno": "6363", "msgeTitlNm": "test", "butnDvsnCode": "", "ntfcMdiaDvsnCode": "SMS", "rcvrNm": ""}, "header": {"rspnDvsnCode": "S", "rndmNo": "0936", "trnmSysCode": "ONT", "rcveSrvcId": "iniCspdDvlmUmsSendMgmtPSI004c", "ipAddr": "010010008082", "rcveSysCode": "INI", "ogtsTrnnNo": "", "prsnInfoIncsYn": "Y", "mciSesnId": "", "serverType": "P", "tlgrCretDttm": "20231013000745000", "ctfnTokn": "", "itfcId": "HLIONT00010", "hsno": "1", "mciNodeNo": ""}}